rank,channel_type,platform,name,url,topic,audience,subscribers_or_followers,avg_views,recent_activity,fit_score,priority,review_status,review_notes,source_provider,source_providers,source_keyword,source_url,discovery_query,confidence,contact_email,contact_page,sponsor_page,media_kit_url,score_reason,recommended_collaboration,missing_fields,notes
1,Developer Project,GitHub,Arindam200/awesome-ai-apps,https://www.studio1hq.com,"A collection of projects showcasing RAG, agents, workflows, and other AI use cases",Developers / open-source users inferred from GitHub repository,12.3K,Unknown,2026-05-09T06:54:45Z,87,High,new,Unknown,github,github,"serpapi tutorial, serpapi newsletter, serpapi SEO API",https://github.com/Arindam200/awesome-ai-apps,"serpapi tutorial stars:>20 in:name,description,readme",medium,Unknown,https://www.studio1hq.com,https://github.com/Arindam200,Unknown,匹配 AI Agent / LLM 工作流主题；匹配开发者和数据 API 受众；匹配 SEO 和搜索数据场景；有公开联系路径；有赞助页或 media kit 信号。,工作流模板：用 Talordata SERP API 自动化一个可复用的搜索数据工作流。,"contact_email, media_kit_url, avg_views",Unknown
2,Developer Project,GitHub,EvoAgentX/EvoAgentX,https://evoagentx.github.io/EvoAgentX,🚀 EvoAgentX: Building a Self-Evolving Ecosystem of AI Agents,Developers / open-source users inferred from GitHub repository,3K,Unknown,2026-05-15T13:33:07Z,85,High,new,Unknown,github,github,serpapi tutorial,https://github.com/EvoAgentX/EvoAgentX,"serpapi tutorial stars:>20 in:name,description,readme",medium,Unknown,https://evoagentx.github.io/EvoAgentX,https://github.com/EvoAgentX,Unknown,匹配 AI Agent / LLM 工作流主题；匹配开发者和数据 API 受众；匹配 SEO 和搜索数据场景；有公开联系路径；有赞助页或 media kit 信号。,赞助教程：展示 Talordata SERP API 如何支持 AI Agent 工作流。,"contact_email, media_kit_url, avg_views",Unknown
3,YouTube Creator,YouTube,Tech With Tim,https://www.youtube.com/channel/UC4JX40jDee_tINbkjycV4Sg,Build Anything With a CUSTOM MCP Server - Python Tutorial; Devin AI Is the Future of Coding… Full Tutorial; Build an AI Agent From Scratch in Python - Tutorial for Beginners,Developer / AI / SEO audience inferred from video topics,Unknown,238K,Unknown,85,High,new,Unknown,ytdlp,ytdlp,"serper tutorial, serper sponsor tutorial, AI agent tutorial, LangChain tutorial, LlamaIndex tutorial, Python web scraping, AI tools for developers, build AI agent with search",https://www.youtube.com/channel/UC4JX40jDee_tINbkjycV4Sg,"serper tutorial, serper sponsor tutorial, AI agent tutorial, LangChain tutorial, LlamaIndex tutorial, Python web scraping, AI tools for developers, build AI agent with search",medium,Unknown,https://www.youtube.com/channel/UC4JX40jDee_tINbkjycV4Sg,Unknown,Unknown,匹配 AI Agent / LLM 工作流主题；匹配开发者和数据 API 受众；匹配 SEO 和搜索数据场景；有公开联系路径。,技术教程：使用 Talordata SERP API 为 LLM/RAG 工作流提供外部搜索上下文。,"contact_email, sponsor_page, media_kit_url, subscribers_or_followers",Discovered from competitor-related query.
4,YouTube Creator,YouTube,Tina Huang,https://www.youtube.com/channel/UC2UXDak6o7rBm23k3Vv5dww,AI Agents Fundamentals In 21 Minutes; Local AI Agents In 26 Minutes,Developer / AI / SEO audience inferred from video topics,Unknown,631.2K,Unknown,85,High,new,Unknown,ytdlp,ytdlp,"AI agent tutorial, build AI agent with search",https://www.youtube.com/channel/UC2UXDak6o7rBm23k3Vv5dww,"AI agent tutorial, build AI agent with search",medium,Unknown,https://www.youtube.com/channel/UC2UXDak6o7rBm23k3Vv5dww,Unknown,Unknown,匹配 AI Agent / LLM 工作流主题；匹配开发者和数据 API 受众；匹配 SEO 和搜索数据场景；有公开联系路径。,赞助教程：展示 Talordata SERP API 如何支持 AI Agent 工作流。,"contact_email, sponsor_page, media_kit_url, subscribers_or_followers",Unknown
5,Developer Project,GitHub,LearningCircuit/local-deep-research,https://github.com/LearningCircuit/local-deep-research," ~95% on SimpleQA (e.g. Qwen3.6-27B on a 3090). Supports all local and cloud LLMs (llama.cpp, Ollama, Google, ...). 10+ search engines - arXiv, PubMed, your private documents. Everything Local & Encrypted.",Developers / open-source users inferred from GitHub repository,7.8K,Unknown,2026-05-18T07:48:37Z,82,High,new,Unknown,github,github,serpapi tutorial,https://github.com/LearningCircuit/local-deep-research,"serpapi tutorial stars:>20 in:name,description,readme",medium,Unknown,https://github.com/LearningCircuit/local-deep-research,https://github.com/LearningCircuit,Unknown,匹配 AI Agent / LLM 工作流主题；匹配开发者和数据 API 受众；匹配 SEO 和搜索数据场景；有公开联系路径；有赞助页或 media kit 信号。,赞助文章或视频：展示 Talordata SERP API 在搜索可见性、排名监控或 SEO 自动化中的用法。,"contact_email, media_kit_url, avg_views",Unknown
6,Developer Project,GitHub,nashsu/llm_wiki,https://github.com/nashsu/llm_wiki,"LLM Wiki is a cross-platform desktop application that turns your documents into an organized, interlinked knowledge base — automatically. Instead of traditional RAG (retrieve-and-answer from scratch every time), the LLM incrementally builds",Developers / open-source users inferred from GitHub repository,7.9K,Unknown,2026-05-14T12:09:22Z,82,High,new,Unknown,github,github,serpapi comparison,https://github.com/nashsu/llm_wiki,"serpapi comparison stars:>20 in:name,description,readme",medium,Unknown,https://github.com/nashsu/llm_wiki,https://github.com/nashsu,Unknown,匹配 AI Agent / LLM 工作流主题；匹配开发者和数据 API 受众；匹配 SEO 和搜索数据场景；有公开联系路径；有赞助页或 media kit 信号。,技术教程：使用 Talordata SERP API 为 LLM/RAG 工作流提供外部搜索上下文。,"contact_email, media_kit_url, avg_views",Unknown
7,Developer Project,GitHub,Fosowl/agenticSeek,http://agenticseek.tech,"Fully Local Manus AI. No APIs, No $200 monthly bills. Enjoy an autonomous agent that thinks, browses the web, and code for the sole cost of electricity. 🔔 Official updates only via twitter @Martin993886460 (Beware of fake account)",Developers / open-source users inferred from GitHub repository,26.4K,Unknown,2026-05-17T12:03:19Z,81,High,new,Unknown,github,github,"serpapi sponsored, serpapi sponsor, serpapi web scraping",https://github.com/Fosowl/agenticSeek,"serpapi sponsored stars:>20 in:name,description,readme",medium,Unknown,http://agenticseek.tech,https://github.com/Fosowl,Unknown,匹配开发者和数据 API 受众；匹配 SEO 和搜索数据场景；有公开联系路径；有赞助页或 media kit 信号。,赞助教程：展示 Talordata SERP API 如何支持 AI Agent 工作流。,"contact_email, media_kit_url, avg_views",Unknown
8,Developer Project,GitHub,ripienaar/free-for-dev,https://free-for.dev,"A list of SaaS, PaaS and IaaS offerings that have free tiers of interest to devops and infradev",Developers / open-source users inferred from GitHub repository,122.4K,Unknown,2026-05-17T14:03:20Z,80,High,new,Unknown,github,github,"serpapi tutorial, serpapi review, serpapi alternative, serpapi newsletter, serpapi youtube, serpapi web scraping, serpapi SEO API",https://github.com/ripienaar/free-for-dev,"serpapi tutorial stars:>20 in:name,description,readme",medium,Unknown,https://free-for.dev,https://github.com/ripienaar,Unknown,匹配开发者和数据 API 受众；匹配 SEO 和搜索数据场景；有公开联系路径；有赞助页或 media kit 信号。,赞助编程视频：围绕 Talordata SERP API 构建一个实用的 Python 搜索数据工作流。,"contact_email, media_kit_url, avg_views",Unknown
9,YouTube Creator,YouTube,Fireship,https://www.youtube.com/channel/UCsBjURrPoezykLs9EqgamOA,Paying for software is stupid… 10 free and open-source SaaS replacements; n8n will change your life as a developer...; Anthropic just released the real Claude Bot...,Developer / AI / SEO audience inferred from video topics,Unknown,1.2M,Unknown,80,High,new,Unknown,ytdlp,ytdlp,"serpapi alternative, serpapi comparison, serpapi sponsor, serpapi newsletter, serpapi.com alternative, serpapi.com comparison, serpapi.com sponsored, serpapi.com newsletter, serper alternative tutorial, serper alternative guide, serper comparison guide, Python web scraping, n8n automation tutorial, web scraping API, AI tools for developers",https://www.youtube.com/channel/UCsBjURrPoezykLs9EqgamOA,"serpapi alternative, serpapi comparison, serpapi sponsor, serpapi newsletter, serpapi.com alternative, serpapi.com comparison, serpapi.com sponsored, serpapi.com newsletter, serper alternative tutorial, serper alternative guide, serper comparison guide, Python web scraping, n8n automation tutorial, web scraping API, AI tools for developers",medium,Unknown,https://www.youtube.com/channel/UCsBjURrPoezykLs9EqgamOA,Unknown,Unknown,匹配开发者和数据 API 受众；匹配 SEO 和搜索数据场景；有公开联系路径。,工作流模板：用 Talordata SERP API 自动化一个可复用的搜索数据工作流。,"contact_email, sponsor_page, media_kit_url, subscribers_or_followers",Discovered from competitor-related query.
10,YouTube Creator,YouTube,Nick Saraev,https://www.youtube.com/channel/UCbo-KbSjJDG6JWQ_MTZ_rNA,Scrape Unlimited Leads WITHOUT Paying for APIs (99% FREE); It Got Worse (Clawdbot); AI Agents Full Course 2026: Master Agentic AI (2 Hours),Developer / AI / SEO audience inferred from video topics,Unknown,219.4K,Unknown,80,High,new,Unknown,ytdlp,ytdlp,"serpapi alternative, serpapi newsletter, serpapi.com alternative, serpapi.com newsletter, serper review, serper review tutorial, AI agent tutorial, n8n automation tutorial",https://www.youtube.com/channel/UCbo-KbSjJDG6JWQ_MTZ_rNA,"serpapi alternative, serpapi newsletter, serpapi.com alternative, serpapi.com newsletter, serper review, serper review tutorial, AI agent tutorial, n8n automation tutorial",medium,Unknown,https://www.youtube.com/channel/UCbo-KbSjJDG6JWQ_MTZ_rNA,Unknown,Unknown,匹配 AI Agent / LLM 工作流主题；匹配开发者和数据 API 受众；匹配 SEO 和搜索数据场景；有公开联系路径。,工作流模板：用 Talordata SERP API 自动化一个可复用的搜索数据工作流。,"contact_email, sponsor_page, media_kit_url, subscribers_or_followers",Discovered from competitor-related query.
11,YouTube Creator,YouTube,KodeKloud,https://www.youtube.com/channel/UCSWj8mqQCcrcBlXPi4ThRDQ,MCP Tutorial: Build Your First MCP Server and Client from Scratch (Free Labs); AI Agents for Beginners – Part 1 (Free Labs); Don't learn AI Agents without Learning these Fundamentals,Developer / AI / SEO audience inferred from video topics,Unknown,298K,Unknown,80,High,new,Unknown,ytdlp,ytdlp,"serper tutorial, serper sponsored tutorial, AI agent tutorial, LangChain tutorial, RAG tutorial",https://www.youtube.com/channel/UCSWj8mqQCcrcBlXPi4ThRDQ,"serper tutorial, serper sponsored tutorial, AI agent tutorial, LangChain tutorial, RAG tutorial",medium,Unknown,https://www.youtube.com/channel/UCSWj8mqQCcrcBlXPi4ThRDQ,Unknown,Unknown,匹配 AI Agent / LLM 工作流主题；匹配开发者和数据 API 受众；匹配 SEO 和搜索数据场景；有公开联系路径。,技术教程：使用 Talordata SERP API 为 LLM/RAG 工作流提供外部搜索上下文。,"contact_email, sponsor_page, media_kit_url, subscribers_or_followers",Discovered from competitor-related query.
12,YouTube Creator,YouTube,codebasics,https://www.youtube.com/channel/UCh9nVJoWXmFb7sLApWGcLPQ,MCP Tutorial: Build Your First MCP Server; LangChain Crash Course For Beginners | LangChain Tutorial; LangChain vs LangGraph vs LangSmith,Developer / AI / SEO audience inferred from video topics,Unknown,271.6K,Unknown,80,High,new,Unknown,ytdlp,ytdlp,"serper tutorial, LangChain tutorial, RAG tutorial",https://www.youtube.com/channel/UCh9nVJoWXmFb7sLApWGcLPQ,"serper tutorial, LangChain tutorial, RAG tutorial",medium,Unknown,https://www.youtube.com/channel/UCh9nVJoWXmFb7sLApWGcLPQ,Unknown,Unknown,匹配 AI Agent / LLM 工作流主题；匹配开发者和数据 API 受众；匹配 SEO 和搜索数据场景；有公开联系路径。,技术教程：使用 Talordata SERP API 为 LLM/RAG 工作流提供外部搜索上下文。,"contact_email, sponsor_page, media_kit_url, subscribers_or_followers",Unknown
13,YouTube Creator,YouTube,Metics Media,https://www.youtube.com/channel/UCuwpzP90g1LuGk6JUNms_AQ,OpenClaw Tutorial for Beginners: How to Use & Set up OpenClaw (ClawdBot); n8n AI Agent Tutorial for Beginners 2026 - Step by Step,Developer / AI / SEO audience inferred from video topics,Unknown,136.8K,Unknown,80,High,new,Unknown,ytdlp,ytdlp,"serper review tutorial, AI agent tutorial, n8n automation tutorial",https://www.youtube.com/channel/UCuwpzP90g1LuGk6JUNms_AQ,"serper review tutorial, AI agent tutorial, n8n automation tutorial",medium,Unknown,https://www.youtube.com/channel/UCuwpzP90g1LuGk6JUNms_AQ,Unknown,Unknown,匹配 AI Agent / LLM 工作流主题；匹配开发者和数据 API 受众；匹配 SEO 和搜索数据场景；有公开联系路径。,工作流模板：用 Talordata SERP API 自动化一个可复用的搜索数据工作流。,"contact_email, sponsor_page, media_kit_url, subscribers_or_followers",Discovered from competitor-related query.
14,YouTube Creator,YouTube,Nate Herk | AI Automation,https://www.youtube.com/channel/UC2ojq-nuP8ceeHqiroeKhBA,Stop Learning n8n in 2026...Learn THIS Instead; Hermes Agent: Zero to Personal AI Assistant (1 Hour Course); From Zero to RAG Agent: Full Beginner's Course (no code),Developer / AI / SEO audience inferred from video topics,Unknown,429K,Unknown,80,High,new,Unknown,ytdlp,ytdlp,"serper review guide, serper sponsor guide, RAG tutorial, n8n automation tutorial, build AI agent with search",https://www.youtube.com/channel/UC2ojq-nuP8ceeHqiroeKhBA,"serper review guide, serper sponsor guide, RAG tutorial, n8n automation tutorial, build AI agent with search",medium,Unknown,https://www.youtube.com/channel/UC2ojq-nuP8ceeHqiroeKhBA,Unknown,Unknown,匹配 AI Agent / LLM 工作流主题；匹配开发者和数据 API 受众；匹配 SEO 和搜索数据场景；有公开联系路径。,工作流模板：用 Talordata SERP API 自动化一个可复用的搜索数据工作流。,"contact_email, sponsor_page, media_kit_url, subscribers_or_followers",Discovered from competitor-related query.
15,YouTube Creator,YouTube,freeCodeCamp.org,https://www.youtube.com/channel/UC8butISFwT-Wl7EV0hUK0BQ,Learn Supabase (Firebase Alternative) – Full Tutorial for Beginners; Learn RAG From Scratch – Python AI Tutorial from a LangChain Engineer; LangGraph Complete Course for Beginners – Complex AI Agents with Python,Developer / AI / SEO audience inferred from video topics,Unknown,1.1M,Unknown,80,High,new,Unknown,ytdlp,ytdlp,"serper alternative tutorial, LangChain tutorial, RAG tutorial, Python web scraping, Google Search API tutorial, n8n automation tutorial, web scraping API",https://www.youtube.com/channel/UC8butISFwT-Wl7EV0hUK0BQ,"serper alternative tutorial, LangChain tutorial, RAG tutorial, Python web scraping, Google Search API tutorial, n8n automation tutorial, web scraping API",medium,Unknown,https://www.youtube.com/channel/UC8butISFwT-Wl7EV0hUK0BQ,Unknown,Unknown,匹配 AI Agent / LLM 工作流主题；匹配开发者和数据 API 受众；匹配 SEO 和搜索数据场景；有公开联系路径。,工作流模板：用 Talordata SERP API 自动化一个可复用的搜索数据工作流。,"contact_email, sponsor_page, media_kit_url, subscribers_or_followers",Discovered from competitor-related query.
16,YouTube Creator,YouTube,IBM Technology,https://www.youtube.com/channel/UCKWaEZ-_VweaEx1j62do_vQ,API vs. SDK: What's the difference?; SQL vs. NoSQL: What's the difference?; What is LangChain?,Developer / AI / SEO audience inferred from video topics,Unknown,747.4K,Unknown,80,High,new,Unknown,ytdlp,ytdlp,"serper comparison tutorial, serper comparison guide, LangChain tutorial, RAG tutorial, AI tools for developers",https://www.youtube.com/channel/UCKWaEZ-_VweaEx1j62do_vQ,"serper comparison tutorial, serper comparison guide, LangChain tutorial, RAG tutorial, AI tools for developers",medium,Unknown,https://www.youtube.com/channel/UCKWaEZ-_VweaEx1j62do_vQ,Unknown,Unknown,匹配 AI Agent / LLM 工作流主题；匹配开发者和数据 API 受众；匹配 SEO 和搜索数据场景；有公开联系路径。,技术教程：使用 Talordata SERP API 为 LLM/RAG 工作流提供外部搜索上下文。,"contact_email, sponsor_page, media_kit_url, subscribers_or_followers",Discovered from competitor-related query.
17,YouTube Creator,YouTube,Jeff Su,https://www.youtube.com/channel/UCwAnu01qlnVg1Ai2AbtTMaA,"AI Agents, Clearly Explained; The AI Agent Tutorial That Should've Been Your First (no code)",Developer / AI / SEO audience inferred from video topics,Unknown,3M,Unknown,80,High,new,Unknown,ytdlp,ytdlp,"AI agent tutorial, build AI agent with search",https://www.youtube.com/channel/UCwAnu01qlnVg1Ai2AbtTMaA,"AI agent tutorial, build AI agent with search",medium,Unknown,https://www.youtube.com/channel/UCwAnu01qlnVg1Ai2AbtTMaA,Unknown,Unknown,匹配 AI Agent / LLM 工作流主题；匹配开发者和数据 API 受众；匹配 SEO 和搜索数据场景；有公开联系路径。,赞助教程：展示 Talordata SERP API 如何支持 AI Agent 工作流。,"contact_email, sponsor_page, media_kit_url, subscribers_or_followers",Unknown
18,YouTube Creator,YouTube,Futurepedia and AI Agent Lab,https://www.youtube.com/results?search_query=Futurepedia+and+AI+Agent+Lab,From Zero to Your First AI Agent in 25 Minutes (No Coding); Master 80% of n8n in 36 Minutes,Developer / AI / SEO audience inferred from video topics,Unknown,2.6M,Unknown,80,High,new,Unknown,ytdlp,ytdlp,"AI agent tutorial, n8n automation tutorial, build AI agent with search, AI tools for developers",https://www.youtube.com/results?search_query=Futurepedia+and+AI+Agent+Lab,"AI agent tutorial, n8n automation tutorial, build AI agent with search",medium,Unknown,https://www.youtube.com/results?search_query=Futurepedia+and+AI+Agent+Lab,Unknown,Unknown,匹配 AI Agent / LLM 工作流主题；匹配开发者和数据 API 受众；匹配 SEO 和搜索数据场景；有公开联系路径。,工作流模板：用 Talordata SERP API 自动化一个可复用的搜索数据工作流。,"contact_email, sponsor_page, media_kit_url, subscribers_or_followers",Unknown
19,YouTube Creator,YouTube,AI Alfie ,https://www.youtube.com/channel/UCismEm75ASmEIXU-UpdFYnQ,AI Agents Explained: A Comprehensive Guide for Beginners,Developer / AI / SEO audience inferred from video topics,Unknown,553K,Unknown,80,High,new,Unknown,ytdlp,ytdlp,"AI agent tutorial, build AI agent with search",https://www.youtube.com/channel/UCismEm75ASmEIXU-UpdFYnQ,"AI agent tutorial, build AI agent with search",medium,Unknown,https://www.youtube.com/channel/UCismEm75ASmEIXU-UpdFYnQ,Unknown,Unknown,匹配 AI Agent / LLM 工作流主题；匹配开发者和数据 API 受众；匹配 SEO 和搜索数据场景；有公开联系路径。,赞助教程：展示 Talordata SERP API 如何支持 AI Agent 工作流。,"contact_email, sponsor_page, media_kit_url, subscribers_or_followers",Unknown
20,YouTube Creator,YouTube,Liam Ottley,https://www.youtube.com/channel/UCui4jxDaMb53Gdh-AZUTPAg,How to Build & Sell AI Agents: Ultimate Beginner’s Guide,Developer / AI / SEO audience inferred from video topics,Unknown,2.7M,Unknown,80,High,new,Unknown,ytdlp,ytdlp,"AI agent tutorial, build AI agent with search",https://www.youtube.com/channel/UCui4jxDaMb53Gdh-AZUTPAg,"AI agent tutorial, build AI agent with search",medium,Unknown,https://www.youtube.com/channel/UCui4jxDaMb53Gdh-AZUTPAg,Unknown,Unknown,匹配 AI Agent / LLM 工作流主题；匹配开发者和数据 API 受众；匹配 SEO 和搜索数据场景；有公开联系路径。,赞助教程：展示 Talordata SERP API 如何支持 AI Agent 工作流。,"contact_email, sponsor_page, media_kit_url, subscribers_or_followers",Unknown
21,YouTube Creator,YouTube,Greg Isenberg,https://www.youtube.com/channel/UCPjNBjflYl0-HQtUvOx0Ibw,Building AI Agents that actually work (Full Course); How Claude Code Ranked Me FIRST on Google (It's OVER for SEO Agencies),Developer / AI / SEO audience inferred from video topics,Unknown,341.5K,Unknown,80,High,new,Unknown,ytdlp,ytdlp,"AI agent tutorial, SEO automation, build AI agent with search",https://www.youtube.com/channel/UCPjNBjflYl0-HQtUvOx0Ibw,"AI agent tutorial, SEO automation, build AI agent with search",medium,Unknown,https://www.youtube.com/channel/UCPjNBjflYl0-HQtUvOx0Ibw,Unknown,Unknown,匹配 AI Agent / LLM 工作流主题；匹配开发者和数据 API 受众；匹配 SEO 和搜索数据场景；有公开联系路径。,工作流模板：用 Talordata SERP API 自动化一个可复用的搜索数据工作流。,"contact_email, sponsor_page, media_kit_url, subscribers_or_followers",Unknown
22,YouTube Creator,YouTube,Kevin Stratvert,https://www.youtube.com/channel/UCfJT_eYDTmDE-ovKaxVE1ig,Make your Own Agents in Copilot | Complete Tutorial; How to Create AI Agents in Microsoft SharePoint & Teams,Developer / AI / SEO audience inferred from video topics,Unknown,157.9K,Unknown,80,High,new,Unknown,ytdlp,ytdlp,"AI agent tutorial, build AI agent with search",https://www.youtube.com/channel/UCfJT_eYDTmDE-ovKaxVE1ig,"AI agent tutorial, build AI agent with search",medium,Unknown,https://www.youtube.com/channel/UCfJT_eYDTmDE-ovKaxVE1ig,Unknown,Unknown,匹配 AI Agent / LLM 工作流主题；匹配开发者和数据 API 受众；匹配 SEO 和搜索数据场景；有公开联系路径。,赞助教程：展示 Talordata SERP API 如何支持 AI Agent 工作流。,"contact_email, sponsor_page, media_kit_url, subscribers_or_followers",Unknown
23,YouTube Creator,YouTube,Futurepedia,https://www.youtube.com/channel/UC_RovKmk0OCbuZjA8f08opw,You’re Not Behind (Yet): How to Build AI Agents in 2026 (no coding),Developer / AI / SEO audience inferred from video topics,Unknown,229.4K,Unknown,80,High,new,Unknown,ytdlp,ytdlp,"AI agent tutorial, build AI agent with search",https://www.youtube.com/channel/UC_RovKmk0OCbuZjA8f08opw,"AI agent tutorial, build AI agent with search",medium,Unknown,https://www.youtube.com/channel/UC_RovKmk0OCbuZjA8f08opw,Unknown,Unknown,匹配 AI Agent / LLM 工作流主题；匹配开发者和数据 API 受众；匹配 SEO 和搜索数据场景；有公开联系路径。,赞助教程：展示 Talordata SERP API 如何支持 AI Agent 工作流。,"contact_email, sponsor_page, media_kit_url, subscribers_or_followers",Unknown
24,YouTube Creator,YouTube,aiwithbrandon,https://www.youtube.com/channel/UCEzrs7gK6Nf6t_tadEprzxQ,"LangChain Master Class For Beginners 2024 [+20 Examples, LangChain V0.2]",Developer / AI / SEO audience inferred from video topics,Unknown,718.6K,Unknown,80,High,new,Unknown,ytdlp,ytdlp,LangChain tutorial,https://www.youtube.com/channel/UCEzrs7gK6Nf6t_tadEprzxQ,LangChain tutorial,medium,Unknown,https://www.youtube.com/channel/UCEzrs7gK6Nf6t_tadEprzxQ,Unknown,Unknown,匹配 AI Agent / LLM 工作流主题；匹配开发者和数据 API 受众；匹配 SEO 和搜索数据场景；有公开联系路径。,技术教程：使用 Talordata SERP API 为 LLM/RAG 工作流提供外部搜索上下文。,"contact_email, sponsor_page, media_kit_url, subscribers_or_followers",Unknown
25,YouTube Creator,YouTube,LangChain,https://www.youtube.com/channel/UCC-lyoTfSrcJzA1ab3APAgw,Building Effective Agents with LangGraph,Developer / AI / SEO audience inferred from video topics,Unknown,223.6K,Unknown,80,High,new,Unknown,ytdlp,ytdlp,LangChain tutorial,https://www.youtube.com/channel/UCC-lyoTfSrcJzA1ab3APAgw,LangChain tutorial,medium,Unknown,https://www.youtube.com/channel/UCC-lyoTfSrcJzA1ab3APAgw,Unknown,Unknown,匹配 AI Agent / LLM 工作流主题；匹配开发者和数据 API 受众；匹配 SEO 和搜索数据场景；有公开联系路径。,工作流模板：用 Talordata SERP API 自动化一个可复用的搜索数据工作流。,"contact_email, sponsor_page, media_kit_url, subscribers_or_followers",Unknown
26,YouTube Creator,YouTube,AWS Developers,https://www.youtube.com/channel/UCT-nPlVzJI-ccQXlxjSvJmw,Build a RAG pipeline in LlamaIndex (simple),Developer / AI / SEO audience inferred from video topics,Unknown,459K,Unknown,80,High,new,Unknown,ytdlp,ytdlp,LlamaIndex tutorial,https://www.youtube.com/channel/UCT-nPlVzJI-ccQXlxjSvJmw,LlamaIndex tutorial,medium,Unknown,https://www.youtube.com/channel/UCT-nPlVzJI-ccQXlxjSvJmw,Unknown,Unknown,匹配 AI Agent / LLM 工作流主题；匹配开发者和数据 API 受众；匹配 SEO 和搜索数据场景；有公开联系路径。,技术教程：使用 Talordata SERP API 为 LLM/RAG 工作流提供外部搜索上下文。,"contact_email, sponsor_page, media_kit_url, subscribers_or_followers",Unknown
27,YouTube Creator,YouTube,Keerti Purswani,https://www.youtube.com/channel/UCqPw78XvJUKtGiq3TzAcwJQ,Simplest RAG Explanation with Working Code! Beginner Friendly Step-by-Step Example,Developer / AI / SEO audience inferred from video topics,Unknown,123.1K,Unknown,80,High,new,Unknown,ytdlp,ytdlp,RAG tutorial,https://www.youtube.com/channel/UCqPw78XvJUKtGiq3TzAcwJQ,RAG tutorial,medium,Unknown,https://www.youtube.com/channel/UCqPw78XvJUKtGiq3TzAcwJQ,Unknown,Unknown,匹配 AI Agent / LLM 工作流主题；匹配开发者和数据 API 受众；匹配 SEO 和搜索数据场景；有公开联系路径。,技术教程：使用 Talordata SERP API 为 LLM/RAG 工作流提供外部搜索上下文。,"contact_email, sponsor_page, media_kit_url, subscribers_or_followers",Unknown
28,YouTube Creator,YouTube,Jono Catliff,https://www.youtube.com/channel/UCnzxPyNnn8jk4bHFk3JUBhA,"Claude Code SEO: How I Got 50,000 Clicks Per Month (Steal This); Master n8n in 2 Hours: Complete Beginner’s Guide for 2026; n8n 8 Hour Masterclass: Build & Sell AI Agents (Automate Anything)",Developer / AI / SEO audience inferred from video topics,Unknown,269K,Unknown,80,High,new,Unknown,ytdlp,ytdlp,"SEO automation, n8n automation tutorial",https://www.youtube.com/channel/UCnzxPyNnn8jk4bHFk3JUBhA,"SEO automation, n8n automation tutorial",medium,Unknown,https://www.youtube.com/channel/UCnzxPyNnn8jk4bHFk3JUBhA,Unknown,Unknown,匹配 AI Agent / LLM 工作流主题；匹配开发者和数据 API 受众；匹配 SEO 和搜索数据场景；有公开联系路径。,工作流模板：用 Talordata SERP API 自动化一个可复用的搜索数据工作流。,"contact_email, sponsor_page, media_kit_url, subscribers_or_followers",Unknown
29,YouTube Creator,YouTube,Teacher's Tech,https://www.youtube.com/channel/UCO66zvpQorlNfs_7hFCfmaw,Claude Code: Build Your First AI Agent,Developer / AI / SEO audience inferred from video topics,Unknown,201.9K,Unknown,80,High,new,Unknown,ytdlp,ytdlp,build AI agent with search,https://www.youtube.com/channel/UCO66zvpQorlNfs_7hFCfmaw,build AI agent with search,medium,Unknown,https://www.youtube.com/channel/UCO66zvpQorlNfs_7hFCfmaw,Unknown,Unknown,匹配 AI Agent / LLM 工作流主题；匹配开发者和数据 API 受众；匹配 SEO 和搜索数据场景；有公开联系路径。,赞助教程：展示 Talordata SERP API 如何支持 AI Agent 工作流。,"contact_email, sponsor_page, media_kit_url, subscribers_or_followers",Unknown
30,Developer Project,GitHub,nusquama/n8nworkflows.xyz,https://n8nworkflows.xyz,N8N Workflows Catalog,Developers / open-source users inferred from GitHub repository,2.4K,Unknown,2026-05-17T21:00:33Z,79,Medium,new,Unknown,github,github,"serpapi tutorial, serpapi comparison, serpapi newsletter",https://github.com/nusquama/n8nworkflows.xyz,"serpapi tutorial stars:>20 in:name,description,readme",medium,Unknown,https://n8nworkflows.xyz,https://github.com/nusquama,Unknown,匹配开发者和数据 API 受众；匹配 SEO 和搜索数据场景；有公开联系路径；有赞助页或 media kit 信号。,工作流模板：用 Talordata SERP API 自动化一个可复用的搜索数据工作流。,"contact_email, media_kit_url, avg_views",Unknown
31,YouTube Creator,YouTube,Pableke Review,https://www.youtube.com/channel/UCDN4e2VofQOQWqKpivwYFew,What is SerpApi n8n,Developer / AI / SEO audience inferred from video topics,Unknown,1.8K,Unknown,79,Medium,new,Unknown,ytdlp,ytdlp,"serpapi review, serpapi SEO API, serpapi SERP API, serpapi.com review, serper review, serper review tutorial",https://www.youtube.com/channel/UCDN4e2VofQOQWqKpivwYFew,"serpapi review, serpapi SEO API, serpapi SERP API, serpapi.com review, serper review, serper review tutorial",medium,Unknown,https://www.youtube.com/channel/UCDN4e2VofQOQWqKpivwYFew,Unknown,Unknown,匹配开发者和数据 API 受众；匹配 SEO 和搜索数据场景；有公开联系路径。,工作流模板：用 Talordata SERP API 自动化一个可复用的搜索数据工作流。,"contact_email, sponsor_page, media_kit_url, subscribers_or_followers",Discovered from competitor-related query.
32,YouTube Creator,YouTube,Linus Tech Tips,https://www.youtube.com/channel/UCXuqSBlHAE6Xw-yeJA0Tunw,The open source alternative to my sponsor - Jellyfin vs Plex; Your Old PC is Your New Server; I Can Save You Money! – Raspberry Pi Alternatives,Developer / AI / SEO audience inferred from video topics,Unknown,4M,Unknown,79,Medium,new,Unknown,ytdlp,ytdlp,"serper alternative, serper alternative tutorial, serper alternative guide, serper sponsor guide",https://www.youtube.com/channel/UCXuqSBlHAE6Xw-yeJA0Tunw,"serper alternative, serper alternative tutorial, serper alternative guide, serper sponsor guide",medium,Unknown,https://www.youtube.com/channel/UCXuqSBlHAE6Xw-yeJA0Tunw,Unknown,Unknown,匹配开发者和数据 API 受众；匹配 SEO 和搜索数据场景；有公开联系路径。,赞助文章或视频：展示 Talordata SERP API 在搜索可见性、排名监控或 SEO 自动化中的用法。,"contact_email, sponsor_page, media_kit_url, subscribers_or_followers",Discovered from competitor-related query.
33,YouTube Creator,YouTube,Techquickie,https://www.youtube.com/channel/UC0vBXGSyV14uvJ4hECDOl0Q,What’s The Difference Between A Server and a PC?; Every Fast Charging Standard Explained; SATA vs SAS As Fast As Possible,Developer / AI / SEO audience inferred from video topics,Unknown,1.4M,Unknown,79,Medium,new,Unknown,ytdlp,ytdlp,"serper comparison, serper comparison tutorial, serper comparison guide, serper sponsor tutorial, serper sponsor guide",https://www.youtube.com/channel/UC0vBXGSyV14uvJ4hECDOl0Q,"serper comparison, serper comparison tutorial, serper comparison guide, serper sponsor tutorial, serper sponsor guide",medium,Unknown,https://www.youtube.com/channel/UC0vBXGSyV14uvJ4hECDOl0Q,Unknown,Unknown,匹配开发者和数据 API 受众；匹配 SEO 和搜索数据场景；有公开联系路径。,赞助文章或视频：展示 Talordata SERP API 在搜索可见性、排名监控或 SEO 自动化中的用法。,"contact_email, sponsor_page, media_kit_url, subscribers_or_followers",Discovered from competitor-related query.
34,Developer Project,GitHub,open-webui/open-webui,https://openwebui.com,"User-friendly AI Interface (Supports Ollama, OpenAI API, ...)",Developers / open-source users inferred from GitHub repository,137.6K,Unknown,2026-05-15T00:34:23Z,78,Medium,new,Unknown,github,github,"serpapi alternative, serpapi sponsored, serpapi sponsor",https://github.com/open-webui/open-webui,"serpapi alternative stars:>20 in:name,description,readme",medium,Unknown,https://openwebui.com,https://github.com/open-webui,Unknown,匹配开发者和数据 API 受众；匹配 SEO 和搜索数据场景；有公开联系路径；有赞助页或 media kit 信号。,赞助文章或视频：展示 Talordata SERP API 在搜索可见性、排名监控或 SEO 自动化中的用法。,"contact_email, media_kit_url, avg_views",Unknown
35,YouTube Creator,YouTube,Mikey No Code,https://www.youtube.com/channel/UCde0vB0fTwC8AT3sJofFV0w,AI Agent Full Tutorial for Beginners 2026: How to Build AI Agents in Minutes; How to Use AI Agents Better than 99% of People; Best AI Coding Tools for Developers in 2026 (Don't Choose Wrong),Developer / AI / SEO audience inferred from video topics,Unknown,46.4K,Unknown,78,Medium,new,Unknown,ytdlp,ytdlp,"AI agent tutorial, AI tools for developers",https://www.youtube.com/channel/UCde0vB0fTwC8AT3sJofFV0w,"AI agent tutorial, AI tools for developers",medium,Unknown,https://www.youtube.com/channel/UCde0vB0fTwC8AT3sJofFV0w,Unknown,Unknown,匹配 AI Agent / LLM 工作流主题；匹配开发者和数据 API 受众；匹配 SEO 和搜索数据场景；有公开联系路径。,赞助教程：展示 Talordata SERP API 如何支持 AI Agent 工作流。,"contact_email, sponsor_page, media_kit_url, subscribers_or_followers",Unknown
36,YouTube Creator,YouTube,AI Master,https://www.youtube.com/channel/UC0yHbz4OxdQFwmVX2BBQqLg,AI Agents Explained: How to Create and Use AI Agents in 2026,Developer / AI / SEO audience inferred from video topics,Unknown,22.8K,Unknown,78,Medium,new,Unknown,ytdlp,ytdlp,AI agent tutorial,https://www.youtube.com/channel/UC0yHbz4OxdQFwmVX2BBQqLg,AI agent tutorial,medium,Unknown,https://www.youtube.com/channel/UC0yHbz4OxdQFwmVX2BBQqLg,Unknown,Unknown,匹配 AI Agent / LLM 工作流主题；匹配开发者和数据 API 受众；匹配 SEO 和搜索数据场景；有公开联系路径。,赞助教程：展示 Talordata SERP API 如何支持 AI Agent 工作流。,"contact_email, sponsor_page, media_kit_url, subscribers_or_followers",Unknown
37,YouTube Creator,YouTube,Youri van Hofwegen,https://www.youtube.com/channel/UCdR7eGozLjafYMTd2BFnJaQ,How to Set Up your First AI Agent in 2026 (Step by Step); n8n Tutorial for Beginners 2026: How to Build AI Agents,Developer / AI / SEO audience inferred from video topics,Unknown,65.4K,Unknown,78,Medium,new,Unknown,ytdlp,ytdlp,"AI agent tutorial, n8n automation tutorial, build AI agent with search",https://www.youtube.com/channel/UCdR7eGozLjafYMTd2BFnJaQ,"AI agent tutorial, n8n automation tutorial, build AI agent with search",medium,Unknown,https://www.youtube.com/channel/UCdR7eGozLjafYMTd2BFnJaQ,Unknown,Unknown,匹配 AI Agent / LLM 工作流主题；匹配开发者和数据 API 受众；匹配 SEO 和搜索数据场景；有公开联系路径。,工作流模板：用 Talordata SERP API 自动化一个可复用的搜索数据工作流。,"contact_email, sponsor_page, media_kit_url, subscribers_or_followers",Unknown
38,YouTube Creator,YouTube,NeuralNine,https://www.youtube.com/channel/UC8wZnXYK_CGKlBcZp-GxYPA,LangChain Full Crash Course - AI Agents in Python; LlamaIndex Crash Course - AI Agents in Python; Automate Google Search API in Python,Developer / AI / SEO audience inferred from video topics,Unknown,40.8K,Unknown,78,Medium,new,Unknown,ytdlp,ytdlp,"LangChain tutorial, LlamaIndex tutorial, Google Search API tutorial, web scraping API",https://www.youtube.com/channel/UC8wZnXYK_CGKlBcZp-GxYPA,"LangChain tutorial, LlamaIndex tutorial, Google Search API tutorial, web scraping API",medium,Unknown,https://www.youtube.com/channel/UC8wZnXYK_CGKlBcZp-GxYPA,Unknown,Unknown,匹配 AI Agent / LLM 工作流主题；匹配开发者和数据 API 受众；匹配 SEO 和搜索数据场景；有公开联系路径。,技术教程：使用 Talordata SERP API 为 LLM/RAG 工作流提供外部搜索上下文。,"contact_email, sponsor_page, media_kit_url, subscribers_or_followers",Unknown
39,YouTube Creator,YouTube,Ansh Lamba,https://www.youtube.com/channel/UCu7lQE-L5gzt8aD7zuuufjw,Langchain Tutorial For Beginners (2026 Guide) | AI Agents For Data Engineers,Developer / AI / SEO audience inferred from video topics,Unknown,72K,Unknown,78,Medium,new,Unknown,ytdlp,ytdlp,LangChain tutorial,https://www.youtube.com/channel/UCu7lQE-L5gzt8aD7zuuufjw,LangChain tutorial,medium,Unknown,https://www.youtube.com/channel/UCu7lQE-L5gzt8aD7zuuufjw,Unknown,Unknown,匹配 AI Agent / LLM 工作流主题；匹配开发者和数据 API 受众；匹配 SEO 和搜索数据场景；有公开联系路径。,赞助教程：展示 Talordata SERP API 如何支持 AI Agent 工作流。,"contact_email, sponsor_page, media_kit_url, subscribers_or_followers",Unknown
40,YouTube Creator,YouTube,Better Stack,https://www.youtube.com/channel/UCkVfrGwV-iG9bSsgCbrNPxQ,How to Build a RAG System That Actually Works,Developer / AI / SEO audience inferred from video topics,Unknown,26.8K,Unknown,78,Medium,new,Unknown,ytdlp,ytdlp,RAG tutorial,https://www.youtube.com/channel/UCkVfrGwV-iG9bSsgCbrNPxQ,RAG tutorial,medium,Unknown,https://www.youtube.com/channel/UCkVfrGwV-iG9bSsgCbrNPxQ,Unknown,Unknown,匹配 AI Agent / LLM 工作流主题；匹配开发者和数据 API 受众；匹配 SEO 和搜索数据场景；有公开联系路径。,技术教程：使用 Talordata SERP API 为 LLM/RAG 工作流提供外部搜索上下文。,"contact_email, sponsor_page, media_kit_url, subscribers_or_followers",Unknown
41,YouTube Creator,YouTube,Ben AI,https://www.youtube.com/channel/UC3KK7ENB_ierAXvrxVNnbZQ,How I Automated an SEO Agency with 15 AI Agents (No-Code); How We Automated SEO for 50+ Businesses With AI,Developer / AI / SEO audience inferred from video topics,Unknown,56.5K,Unknown,78,Medium,new,Unknown,ytdlp,ytdlp,SEO automation,https://www.youtube.com/channel/UC3KK7ENB_ierAXvrxVNnbZQ,SEO automation,medium,Unknown,https://www.youtube.com/channel/UC3KK7ENB_ierAXvrxVNnbZQ,Unknown,Unknown,匹配 AI Agent / LLM 工作流主题；匹配开发者和数据 API 受众；匹配 SEO 和搜索数据场景；有公开联系路径。,工作流模板：用 Talordata SERP API 自动化一个可复用的搜索数据工作流。,"contact_email, sponsor_page, media_kit_url, subscribers_or_followers",Unknown
42,Developer Project,GitHub,modelscope/ms-agent,https://ms-agent-en.readthedocs.io,MS-Agent: a lightweight framework to empower agentic execution of complex tasks,Developers / open-source users inferred from GitHub repository,4.3K,Unknown,2026-04-15T06:21:35Z,77,Medium,new,Unknown,github,github,serpapi tutorial,https://github.com/modelscope/ms-agent,"serpapi tutorial stars:>20 in:name,description,readme",medium,Unknown,https://ms-agent-en.readthedocs.io,https://github.com/modelscope,Unknown,匹配开发者和数据 API 受众；匹配 SEO 和搜索数据场景；有公开联系路径；有赞助页或 media kit 信号。,赞助教程：展示 Talordata SERP API 如何支持 AI Agent 工作流。,"contact_email, media_kit_url, avg_views",Unknown
43,Developer Project,GitHub,ZhuLinsen/daily_stock_analysis,https://dsa.zhulinsen.tech,LLM驱动的 A/H/美股智能分析：多数据源行情 + 实时新闻 + LLM决策仪表盘 + 多渠道推送，零成本定时运行，纯白嫖. LLM-powered stock analysis system for A/H/US markets.,Developers / open-source users inferred from GitHub repository,36.8K,Unknown,2026-05-18T12:37:53Z,76,Medium,new,Unknown,github,github,"serpapi review, serpapi sponsored, serpapi sponsor",https://github.com/ZhuLinsen/daily_stock_analysis,"serpapi review stars:>20 in:name,description,readme",medium,Unknown,https://dsa.zhulinsen.tech,https://github.com/ZhuLinsen,Unknown,匹配 AI Agent / LLM 工作流主题；匹配开发者和数据 API 受众；匹配 SEO 和搜索数据场景；有公开联系路径；有赞助页或 media kit 信号。,赞助文章或视频：展示 Talordata SERP API 在搜索可见性、排名监控或 SEO 自动化中的用法。,"contact_email, media_kit_url, avg_views",Unknown
44,Developer Project,GitHub,codelucas/newspaper,https://goo.gl/VX41yK,"newspaper3k is a news, full-text, and article metadata extraction in Python 3. Advanced docs:",Developers / open-source users inferred from GitHub repository,15K,Unknown,2026-05-13T04:02:34Z,76,Medium,new,Unknown,github,github,serpapi web scraping,https://github.com/codelucas/newspaper,"serpapi web scraping stars:>20 in:name,description,readme",medium,Unknown,https://goo.gl/VX41yK,https://github.com/codelucas,Unknown,匹配开发者和数据 API 受众；匹配 SEO 和搜索数据场景；有公开联系路径；有赞助页或 media kit 信号。,赞助编程视频：围绕 Talordata SERP API 构建一个实用的 Python 搜索数据工作流。,"contact_email, media_kit_url, avg_views",Unknown
45,YouTube Creator,YouTube,Prompt Engineering,https://www.youtube.com/channel/UCDq7SjbgRKty5TgGafW8Clg,The Model Doesn't Matter. The Harness Does.; Google File Search API - Managed RAG for Everyone,Developer / AI / SEO audience inferred from video topics,Unknown,7.6K,Unknown,76,Medium,new,Unknown,ytdlp,ytdlp,"serpapi sponsored, serpapi sponsor, serpapi newsletter, serpapi.com sponsored, serpapi.com sponsor, serpapi.com newsletter, Google Search API tutorial",https://www.youtube.com/channel/UCDq7SjbgRKty5TgGafW8Clg,"serpapi sponsored, serpapi sponsor, serpapi newsletter, serpapi.com sponsored, serpapi.com sponsor, serpapi.com newsletter, Google Search API tutorial",medium,Unknown,https://www.youtube.com/channel/UCDq7SjbgRKty5TgGafW8Clg,Unknown,Unknown,匹配 AI Agent / LLM 工作流主题；匹配开发者和数据 API 受众；匹配 SEO 和搜索数据场景；有公开联系路径。,技术教程：使用 Talordata SERP API 为 LLM/RAG 工作流提供外部搜索上下文。,"contact_email, sponsor_page, media_kit_url, subscribers_or_followers",Discovered from competitor-related query.
46,YouTube Creator,YouTube,Maya Akim,https://www.youtube.com/channel/UCYK2iFfTEuvJwQTBneO92Xg,How to Build fully Automated Newsletter with AI in a Day | LangChain & GPT4,Developer / AI / SEO audience inferred from video topics,Unknown,5.6K,Unknown,76,Medium,new,Unknown,ytdlp,ytdlp,"serpapi newsletter, serpapi.com newsletter",https://www.youtube.com/channel/UCYK2iFfTEuvJwQTBneO92Xg,"serpapi newsletter, serpapi.com newsletter",medium,Unknown,https://www.youtube.com/channel/UCYK2iFfTEuvJwQTBneO92Xg,Unknown,Unknown,匹配 AI Agent / LLM 工作流主题；匹配开发者和数据 API 受众；匹配 SEO 和搜索数据场景；有公开联系路径。,赞助教程：展示 Talordata SERP API 如何支持 AI Agent 工作流。,"contact_email, sponsor_page, media_kit_url, subscribers_or_followers",Unknown
47,YouTube Creator,YouTube,Mervin Praison,https://www.youtube.com/channel/UCWTyktbw5JYoSBduu8LsBgQ,Moltbot Beginners Setup Guide and Alternative for Free?; Ollama Llama Index Integration 🤯 EASY! How to get started? 🚀 (Step-by-Step Tutorial),Developer / AI / SEO audience inferred from video topics,Unknown,14K,Unknown,76,Medium,new,Unknown,ytdlp,ytdlp,"serper alternative tutorial, LlamaIndex tutorial",https://www.youtube.com/channel/UCWTyktbw5JYoSBduu8LsBgQ,"serper alternative tutorial, LlamaIndex tutorial",medium,Unknown,https://www.youtube.com/channel/UCWTyktbw5JYoSBduu8LsBgQ,Unknown,Unknown,匹配 AI Agent / LLM 工作流主题；匹配开发者和数据 API 受众；匹配 SEO 和搜索数据场景；有公开联系路径。,技术教程：使用 Talordata SERP API 为 LLM/RAG 工作流提供外部搜索上下文。,"contact_email, sponsor_page, media_kit_url, subscribers_or_followers",Discovered from competitor-related query.
48,YouTube Creator,YouTube,LlamaIndex,https://www.youtube.com/channel/UCeRjipR4_SsCddq9VZ2AeKg,Building agentic LLM application Workflows with LlamaIndex; How to Build Your Own (DIY) Document Parsing Agent from Scratch; LlamaIndex Webinar: Advanced RAG with Knowledge Graphs (with Tomaz from Neo4j),Developer / AI / SEO audience inferred from video topics,Unknown,9.9K,Unknown,76,Medium,new,Unknown,ytdlp,ytdlp,LlamaIndex tutorial,https://www.youtube.com/channel/UCeRjipR4_SsCddq9VZ2AeKg,LlamaIndex tutorial,medium,Unknown,https://www.youtube.com/channel/UCeRjipR4_SsCddq9VZ2AeKg,Unknown,Unknown,匹配 AI Agent / LLM 工作流主题；匹配开发者和数据 API 受众；匹配 SEO 和搜索数据场景；有公开联系路径。,工作流模板：用 Talordata SERP API 自动化一个可复用的搜索数据工作流。,"contact_email, sponsor_page, media_kit_url, subscribers_or_followers",Unknown
49,YouTube Creator,YouTube,Amin Foroutan,https://www.youtube.com/channel/UCW7tPXg-rWdH4YzLrcAdBIw,Google Search Console API Tutorial: How to Get Your API Key in 2025 | Beginner's Guide,Developer / AI / SEO audience inferred from video topics,Unknown,8.7K,Unknown,76,Medium,new,Unknown,ytdlp,ytdlp,Google Search API tutorial,https://www.youtube.com/channel/UCW7tPXg-rWdH4YzLrcAdBIw,Google Search API tutorial,medium,Unknown,https://www.youtube.com/channel/UCW7tPXg-rWdH4YzLrcAdBIw,Unknown,Unknown,匹配开发者和数据 API 受众；匹配 SEO 和搜索数据场景；有公开联系路径。,赞助文章或视频：展示 Talordata SERP API 在搜索可见性、排名监控或 SEO 自动化中的用法。,"contact_email, sponsor_page, media_kit_url, subscribers_or_followers",Unknown
50,YouTube Creator,YouTube,Quorify,https://www.youtube.com/channel/UCEBSK9A8Nzda2ioG8lnV2QQ,Build a Google Search AI Agent in Under 2 Minutes! (n8n Tutorial),Developer / AI / SEO audience inferred from video topics,Unknown,10.5K,Unknown,76,Medium,new,Unknown,ytdlp,ytdlp,build AI agent with search,https://www.youtube.com/channel/UCEBSK9A8Nzda2ioG8lnV2QQ,build AI agent with search,medium,Unknown,https://www.youtube.com/channel/UCEBSK9A8Nzda2ioG8lnV2QQ,Unknown,Unknown,匹配 AI Agent / LLM 工作流主题；匹配开发者和数据 API 受众；匹配 SEO 和搜索数据场景；有公开联系路径。,工作流模板：用 Talordata SERP API 自动化一个可复用的搜索数据工作流。,"contact_email, sponsor_page, media_kit_url, subscribers_or_followers",Unknown
